loanID,score
10000,0.326541
10001,0.413443
10002,0.329396
10003,0.327505
10004,0.360521
10005,0.41899
10006,0.339107
10007,0.351739
10008,0.297967
10009,0.305633
10010,0.302954
10011,0.421705
10012,0.325454
10013,0.342112
10014,0.43196
10015,0.335597
10016,0.336707
10017,0.363248
10018,0.337451
10019,0.338787
10020,0.310957
10021,0.347478
10022,0.33177
10023,0.317703
10024,0.322797
10025,0.319134
10026,0.309976
10027,0.427737
10028,0.336219
10029,0.328752
10030,0.335536
10031,0.349558
10032,0.181375
10033,0.369175
10034,0.415648
10035,0.347128
10036,0.330241
10037,0.412271
10038,0.269724
10039,0.356289
10040,0.280975
10041,0.26949
10042,0.346661
10043,0.407389
10044,0.35698
10045,0.390784
10046,0.423501
10047,0.347243
10048,0.420981
10049,0.330249
10050,0.335637
10051,0.424737
10052,0.335287
10053,0.332762
10054,0.300564
10055,0.43985
10056,0.366654
10057,0.337912
10058,0.312697
10059,0.379243
10060,0.364159
10061,0.346252
10062,0.349729
10063,0.344908
10064,0.336077
10065,0.415888
10066,0.354327
10067,0.432343
10068,0.442004
10069,0.369361
10070,0.317108
10071,0.448733
10072,0.341842
10073,0.337375
10074,0.440443
10075,0.377717
10076,0.334484
10077,0.434278
10078,0.45338
10079,0.346198
10080,0.427288
10081,0.428356
10082,0.427376
10083,0.340231
10084,0.350961
10085,0.357045
10086,0.330365
10087,0.418979
10088,0.451024
10089,0.448726
10090,0.334778
10091,0.350646
10092,0.437105
10093,0.384449
10094,0.363506
10095,0.431339
10096,0.305004
10097,0.342379
10098,0.358099
10099,0.415788
10100,0.337785
10101,0.411849
10102,0.419844
10103,0.317694
10104,0.418559
10105,0.301729
10106,0.481965
10107,0.326918
10108,0.348471
10109,0.319207
10110,0.348716
10111,0.373567
10112,0.345873
10113,0.423703
10114,0.361481
10115,0.31982
10116,0.427973
10117,0.327585
10118,0.321589
10119,0.354726
10120,0.332097
10121,0.410827
10122,0.354123
10123,0.324429
10124,0.340486
10125,0.431135
10126,0.358184
10127,0.3298
10128,0.439936
10129,0.348877
10130,0.344882
10131,0.325743
10132,0.348497
10133,0.336453
10134,0.347844
10135,0.318898
10136,0.430073
10137,0.347317
10138,0.337147
10139,0.351744
10140,0.35905
10141,0.338109
10142,0.317179
10143,0.321048
10144,0.417756
10145,0.444452
10146,0.312121
10147,0.393873
10148,0.342303
10149,0.326944
10150,0.358658
10151,0.325175
10152,0.422748
10153,0.448505
10154,0.363967
10155,0.366848
10156,0.361331
10157,0.317323
10158,0.36704
10159,0.414645
10160,0.347013
10161,0.343842
10162,0.344981
10163,0.420266
10164,0.311886
10165,0.385182
10166,0.364537
10167,0.355237
10168,0.359487
10169,0.414169
10170,0.371846
10171,0.29202
10172,0.350792
10173,0.415202
10174,0.321586
10175,0.358212
10176,0.316241
10177,0.43
10178,0.407198
10179,0.360048
10180,0.331559
10181,0.355224
10182,0.431147
10183,0.427423
10184,0.447017
10185,0.437243
10186,0.364214
10187,0.356704
10188,0.44453
10189,0.320001
10190,0.345788
10191,0.363562
10192,0.440954
10193,0.439876
10194,0.443604
10195,0.30024
10196,0.443778
10197,0.375382
10198,0.351675
10199,0.338744
10200,0.424705
10201,0.332215
10202,0.353409
10203,0.334475
10204,0.337558
10205,0.349637
10206,0.438129
10207,0.344028
10208,0.343346
10209,0.324689
10210,0.350241
10211,0.364234
10212,0.326207
10213,0.41328
10214,0.311853
10215,0.342226
10216,0.386153
10217,0.409519
10218,0.329968
10219,0.323558
10220,0.341749
10221,0.439886
10222,0.42454
10223,0.331257
10224,0.440496
10225,0.339339
10226,0.340294
10227,0.416908
10228,0.408453
10229,0.386456
10230,0.422899
10231,0.319501
10232,0.418333
10233,0.323619
10234,0.39245
10235,0.324489
10236,0.323732
10237,0.338814
10238,0.437038
10239,0.343218
10240,0.430203
10241,0.351157
10242,0.238759
10243,0.294373
10244,0.339398
10245,0.314182
10246,0.339912
10247,0.372148
10248,0.354251
10249,0.419418
10250,0.320098
10251,0.366708
10252,0.339928
10253,0.416701
10254,0.329341
10255,0.377776
10256,0.313493
10257,0.296293
10258,0.352117
10259,0.334898
10260,0.359218
10261,0.325153
10262,0.334157
10263,0.359215
10264,0.326435
10265,0.417296
10266,0.361826
10267,0.344226
10268,0.354999
10269,0.337604
10270,0.342036
10271,0.416266
10272,0.348039
10273,0.322679
10274,0.348127
10275,0.34324
10276,0.354716
10277,0.312307
10278,0.418103
10279,0.324387
10280,0.336789
10281,0.327734
10282,0.357015
10283,0.328702
10284,0.356799
10285,0.436165
10286,0.418194
10287,0.363633
10288,0.312617
10289,0.33813
10290,0.416031
10291,0.380693
10292,0.425482
10293,0.450573
10294,0.332951
10295,0.353484
10296,0.337696
10297,0.430583
10298,0.335834
10299,0.42742
10300,0.373375
10301,0.368402
10302,0.363037
10303,0.345943
10304,0.342491
10305,0.410119
10306,0.434685
10307,0.427391
10308,0.444432
10309,0.329155
10310,0.4355
10311,0.348557
10312,0.424673
10313,0.314368
10314,0.354559
10315,0.32739
10316,0.416953
10317,0.324974
10318,0.426527
10319,0.356633
10320,0.339764
10321,0.34088
10322,0.412325
10323,0.359492
10324,0.334265
10325,0.342469
10326,0.357672
10327,0.311821
10328,0.348078
10329,0.37927
10330,0.338062
10331,0.325648
10332,0.419976
10333,0.341142
10334,0.348663
10335,0.322467
10336,0.334541
10337,0.389281
10338,0.322924
10339,0.311393
10340,0.29925
10341,0.318366
10342,0.333818
10343,0.340919
10344,0.36025
10345,0.420892
10346,0.33584
10347,0.344446
10348,0.312464
10349,0.429359
10350,0.318457
10351,0.32229
10352,0.325021
10353,0.378227
10354,0.346664
10355,0.35627
10356,0.343574
10357,0.372877
10358,0.359726
10359,0.315829
10360,0.349213
10361,0.429277
10362,0.341556
10363,0.350726
10364,0.350313
10365,0.356422
10366,0.342415
10367,0.423921
10368,0.357955
10369,0.33319
10370,0.444451
10371,0.355315
10372,0.330834
10373,0.346752
10374,0.332074
10375,0.328457
10376,0.311046
10377,0.33799
10378,0.350996
10379,0.337822
10380,0.368597
10381,0.41323
10382,0.341956
10383,0.352809
10384,0.439898
10385,0.326936
10386,0.340197
10387,0.437519
10388,0.357761
10389,0.432022
10390,0.440138
10391,0.353996
10392,0.437711
10393,0.375164
10394,0.448638
10395,0.308135
10396,0.325933
10397,0.325633
10398,0.363799
10399,0.381813
10400,0.33199
10401,0.362077
10402,0.326232
10403,0.345405
10404,0.432413
10405,0.422416
10406,0.301914
10407,0.349119
10408,0.356139
10409,0.422895
10410,0.476046
10411,0.439884
10412,0.338438
10413,0.440753
10414,0.345474
10415,0.438056
10416,0.371459
10417,0.357867
10418,0.432295
10419,0.450967
10420,0.45405
10421,0.42904
10422,0.389497
10423,0.339921
10424,0.335483
10425,0.331893
10426,0.446156
10427,0.351139
10428,0.348363
10429,0.331142
10430,0.334103
10431,0.428833
10432,0.324636
10433,0.335793
10434,0.332654
10435,0.425419
10436,0.366147
10437,0.351372
10438,0.435721
10439,0.450142
10440,0.428193
10441,0.374673
10442,0.327159
10443,0.330825
10444,0.367817
10445,0.331538
10446,0.32878
10447,0.333293
10448,0.306971
10449,0.428618
10450,0.363821
10451,0.342384
10452,0.339003
10453,0.347622
10454,0.354666
10455,0.321074
10456,0.327807
10457,0.357725
10458,0.336464
10459,0.426941
10460,0.364024
10461,0.438176
10462,0.333472
10463,0.329314
10464,0.340948
10465,0.348948
10466,0.301028
10467,0.340524
10468,0.328872
10469,0.359775
10470,0.32098
10471,0.348758
10472,0.421344
10473,0.405466
10474,0.260226
10475,0.441715
10476,0.434789
10477,0.435915
10478,0.392307
10479,0.335118
10480,0.406789
10481,0.444391
10482,0.393
10483,0.434572
10484,0.418965
10485,0.357594
10486,0.402016
10487,0.42413
10488,0.331433
10489,0.322844
10490,0.400979
10491,0.317428
10492,0.334335
10493,0.317702
10494,0.342209
10495,0.394989
10496,0.313166
10497,0.411947
10498,0.345751
10499,0.395442
10500,0.419508
10501,0.425991
10502,0.328859
10503,0.409178
10504,0.401713
10505,0.321836
10506,0.343421
10507,0.326947
10508,0.324846
10509,0.336971
10510,0.349427
10511,0.348975
10512,0.29337
10513,0.300505
10514,0.434718
10515,0.415711
10516,0.358485
10517,0.364418
10518,0.413965
10519,0.422915
10520,0.442466
10521,0.349302
10522,0.327199
10523,0.333431
10524,0.336437
10525,0.402901
10526,0.334872
10527,0.371751
10528,0.361131
10529,0.412465
10530,0.38637
10531,0.329667
10532,0.33679
10533,0.420354
10534,0.332055
10535,0.370387
10536,0.416135
10537,0.344657
10538,0.332315
10539,0.325675
10540,0.328572
10541,0.318899
10542,0.428099
10543,0.343193
10544,0.330411
10545,0.417575
10546,0.338337
10547,0.379199
10548,0.317182
10549,0.388732
10550,0.362977
10551,0.357029
10552,0.31362
10553,0.350381
10554,0.341583
10555,0.423119
10556,0.421215
10557,0.334253
10558,0.333901
10559,0.424913
10560,0.362069
10561,0.330742
10562,0.352697
10563,0.353739
10564,0.27596
10565,0.357575
10566,0.35135
10567,0.348534
10568,0.374358
10569,0.409414
10570,0.353001
10571,0.343072
10572,0.337237
10573,0.334176
10574,0.412735
10575,0.390523
10576,0.336753
10577,0.303487
10578,0.415252
10579,0.340701
10580,0.343344
10581,0.387606
10582,0.306552
10583,0.426116
10584,0.333937
10585,0.432993
10586,0.328134
10587,0.32458
10588,0.316252
10589,0.367207
10590,0.345242
10591,0.374178
10592,0.344263
10593,0.335859
10594,0.369601
10595,0.333278
10596,0.356318
10597,0.40758
10598,0.409714
10599,0.408642
10600,0.376641
10601,0.331257
10602,0.337528
10603,0.379184
10604,0.423655
10605,0.32601
10606,0.342599
10607,0.309991
10608,0.388373
10609,0.340361
10610,0.32943
10611,0.326881
10612,0.39919
10613,0.390434
10614,0.338567
10615,0.338773
10616,0.339027
10617,0.336598
10618,0.325004
10619,0.420284
10620,0.332107
10621,0.342033
10622,0.407543
10623,0.375334
10624,0.421107
10625,0.343984
10626,0.343496
10627,0.440045
10628,0.335833
10629,0.35084
10630,0.418222
10631,0.418831
10632,0.426271
10633,0.359886
10634,0.351434
10635,0.368499
10636,0.344016
10637,0.351794
10638,0.342149
10639,0.352013
10640,0.433947
10641,0.437235
10642,0.359839
10643,0.340979
10644,0.325807
10645,0.398896
10646,0.410262
10647,0.299822
10648,0.368527
10649,0.321094
10650,0.413126
10651,0.33399
10652,0.362504
10653,0.407619
10654,0.31632
10655,0.345146
10656,0.337898
10657,0.411559
10658,0.322331
10659,0.342071
10660,0.412166
10661,0.328654
10662,0.414833
10663,0.321447
10664,0.299574
10665,0.366104
10666,0.336723
10667,0.398856
10668,0.301225
10669,0.354719
10670,0.395716
10671,0.316046
10672,0.339251
10673,0.334815
10674,0.33921
10675,0.328274
10676,0.371222
10677,0.339704
10678,0.368075
10679,0.338287
10680,0.342636
10681,0.299656
10682,0.318832
10683,0.344949
10684,0.463972
10685,0.451127
10686,0.296233
10687,0.448612
10688,0.363434
10689,0.350169
10690,0.443698
10691,0.328689
10692,0.439504
10693,0.346998
10694,0.413846
10695,0.454058
10696,0.444829
10697,0.433413
10698,0.462251
10699,0.429868
10700,0.353417
10701,0.34025
10702,0.342006
10703,0.343123
10704,0.44338
10705,0.439074
10706,0.345723
10707,0.441155
10708,0.341595
10709,0.343873
10710,0.336157
10711,0.295075
10712,0.352901
10713,0.331997
10714,0.42867
10715,0.336762
10716,0.40795
10717,0.329537
10718,0.348532
10719,0.336105
10720,0.44202
10721,0.287405
10722,0.361578
10723,0.327786
10724,0.345324
10725,0.339315
10726,0.376915
10727,0.295143
10728,0.353781
10729,0.347156
10730,0.413809
10731,0.406956
10732,0.341977
10733,0.317356
10734,0.355481
10735,0.355177
10736,0.45016
10737,0.355019
10738,0.43428
10739,0.333548
10740,0.338065
10741,0.339895
10742,0.319589
10743,0.43333
10744,0.329929
10745,0.359665
10746,0.45629
10747,0.319497
10748,0.325739
10749,0.361414
10750,0.447919
10751,0.382367
10752,0.430367
10753,0.339526
10754,0.330328
10755,0.284201
10756,0.344098
10757,0.37838
10758,0.367194
10759,0.421488
10760,0.437251
10761,0.313203
10762,0.416435
10763,0.325114
10764,0.34161
10765,0.332661
10766,0.268117
10767,0.328223
10768,0.33266
10769,0.374735
10770,0.361993
10771,0.331332
10772,0.302984
10773,0.343103
10774,0.310878
10775,0.299248
10776,0.435514
10777,0.328819
10778,0.272583
10779,0.333457
10780,0.314291
10781,0.369303
10782,0.346987
10783,0.341077
10784,0.423308
10785,0.414648
10786,0.436103
10787,0.445354
10788,0.361062
10789,0.329928
10790,0.344812
10791,0.440351
10792,0.319511
10793,0.41602
10794,0.358119
10795,0.373277
10796,0.36749
10797,0.433759
10798,0.34129
10799,0.343635
10800,0.423235
10801,0.362311
10802,0.377789
10803,0.423534
10804,0.329685
10805,0.368718
10806,0.347861
10807,0.434335
10808,0.333474
10809,0.346134
10810,0.413358
10811,0.343852
10812,0.326962
10813,0.327378
10814,0.337382
10815,0.333078
10816,0.3123
10817,0.337044
10818,0.429107
10819,0.356107
10820,0.324372
10821,0.35168
10822,0.365926
10823,0.451179
10824,0.361405
10825,0.345703
10826,0.375346
10827,0.443483
10828,0.341279
10829,0.262373
10830,0.326731
10831,0.292483
10832,0.32512
10833,0.473356
10834,0.317281
10835,0.326505
10836,0.345009
10837,0.437714
10838,0.344294
10839,0.389653
10840,0.337997
10841,0.423929
10842,0.363647
10843,0.34795
10844,0.458204
10845,0.354748
10846,0.367997
10847,0.316526
10848,0.31586
10849,0.335445
10850,0.326181
10851,0.353503
10852,0.316427
10853,0.365571
10854,0.313025
10855,0.445547
10856,0.398703
10857,0.365439
10858,0.452029
10859,0.362957
10860,0.3425
10861,0.350607
10862,0.440553
10863,0.325245
10864,0.434504
10865,0.331094
10866,0.350758
10867,0.35986
10868,0.334645
10869,0.34458
10870,0.318121
10871,0.350646
10872,0.426638
10873,0.43032
10874,0.297352
10875,0.469285
10876,0.439526
10877,0.33696
10878,0.428139
10879,0.446536
10880,0.363959
10881,0.35032
10882,0.341932
10883,0.334223
10884,0.396068
10885,0.324801
10886,0.322071
10887,0.432552
10888,0.329021
10889,0.440796
10890,0.461554
10891,0.458071
10892,0.319548
10893,0.331967
10894,0.313694
10895,0.437181
10896,0.438278
10897,0.356596
10898,0.368352
10899,0.368147
10900,0.341916
10901,0.432735
10902,0.443146
10903,0.387117
10904,0.303353
10905,0.343199
10906,0.305747
10907,0.376005
10908,0.307835
10909,0.359022
10910,0.448517
10911,0.353848
10912,0.315676
10913,0.324356
10914,0.341465
10915,0.34027
10916,0.438738
10917,0.313041
10918,0.322382
10919,0.335957
10920,0.329452
10921,0.411563
10922,0.33587
10923,0.421177
10924,0.319212
10925,0.413825
10926,0.358981
10927,0.332209
10928,0.345421
10929,0.373925
10930,0.374633
10931,0.36382
10932,0.36679
10933,0.375255
10934,0.335171
10935,0.353245
10936,0.362238
10937,0.2676
10938,0.428114
10939,0.362832
10940,0.370178
10941,0.344395
10942,0.322208
10943,0.431313
10944,0.407339
10945,0.321764
10946,0.385996
10947,0.334122
10948,0.333899
10949,0.418499
10950,0.433445
10951,0.343467
10952,0.355153
10953,0.342979
10954,0.277221
10955,0.417936
10956,0.408034
10957,0.328656
10958,0.321217
10959,0.330992
10960,0.409231
10961,0.347907
10962,0.408941
10963,0.335572
10964,0.426229
10965,0.315221
10966,0.330575
10967,0.317298
10968,0.326044
10969,0.340314
10970,0.327225
10971,0.328787
10972,0.325133
10973,0.295269
10974,0.409247
10975,0.345066
10976,0.350108
10977,0.39688
10978,0.411387
10979,0.364851
10980,0.339412
10981,0.367928
10982,0.319483
10983,0.363142
10984,0.320664
10985,0.373967
10986,0.319356
10987,0.343694
10988,0.323498
10989,0.344413
10990,0.36762
10991,0.377696
10992,0.41062
10993,0.427959
10994,0.401445
10995,0.340379
10996,0.416195
10997,0.353226
10998,0.324783
10999,0.355392
11000,0.348081
11001,0.347955
11002,0.320694
11003,0.327164
11004,0.347649
11005,0.319536
11006,0.344212
11007,0.417699
11008,0.322949
11009,0.357737
11010,0.348986
11011,0.311371
11012,0.415867
11013,0.36037
11014,0.422864
11015,0.318212
11016,0.420879
11017,0.341103
11018,0.347053
11019,0.360573
11020,0.348485
11021,0.427836
11022,0.346111
11023,0.299866
11024,0.357478
11025,0.345724
11026,0.334275
11027,0.317818
11028,0.420751
11029,0.432894
11030,0.353987
11031,0.427239
11032,0.342802
11033,0.327636
11034,0.348998
11035,0.321107
11036,0.336126
11037,0.326731
11038,0.414762
11039,0.326585
11040,0.417508
11041,0.35009
11042,0.332592
11043,0.343426
11044,0.327862
11045,0.304311
11046,0.406547
11047,0.330276
11048,0.358527
11049,0.329301
11050,0.388219
11051,0.352872
11052,0.343768
11053,0.411932
11054,0.323759
11055,0.392422
11056,0.343259
11057,0.337968
11058,0.430778
11059,0.437419
11060,0.335016
11061,0.360497
11062,0.361537
11063,0.342811
11064,0.430167
11065,0.347346
11066,0.327746
11067,0.382569
11068,0.333801
11069,0.372457
11070,0.436049
11071,0.427116
11072,0.438659
11073,0.447509
11074,0.42648
11075,0.349482
11076,0.330766
11077,0.434264
11078,0.3378
11079,0.320176
11080,0.36464
11081,0.459672
11082,0.355787
11083,0.363001
11084,0.369828
11085,0.344305
11086,0.39787
11087,0.455708
11088,0.425309
11089,0.443237
11090,0.370007
11091,0.312703
11092,0.413038
11093,0.338716
11094,0.36434
11095,0.32148
11096,0.383665
11097,0.335053
11098,0.350093
11099,0.363092
11100,0.434355
11101,0.351614
11102,0.350124
11103,0.366346
11104,0.440137
11105,0.325468
11106,0.393566
11107,0.444845
11108,0.335045
11109,0.455843
11110,0.324319
11111,0.421074
11112,0.34982
11113,0.342514
11114,0.351663
11115,0.444353
11116,0.331369
11117,0.470325
11118,0.357616
11119,0.331161
11120,0.420548
11121,0.338273
11122,0.338185
11123,0.371951
11124,0.395415
11125,0.342823
11126,0.319847
11127,0.434481
11128,0.363167
11129,0.330973
11130,0.328946
11131,0.365519
11132,0.474664
11133,0.322609
11134,0.346791
11135,0.311915
11136,0.338463
11137,0.294947
11138,0.434657
11139,0.435765
11140,0.34268
11141,0.417768
11142,0.392666
11143,0.367622
11144,0.444695
11145,0.381907
11146,0.407627
11147,0.333778
11148,0.349037
11149,0.357523
11150,0.365287
11151,0.353215
11152,0.408766
11153,0.332348
11154,0.431717
11155,0.369478
11156,0.335761
11157,0.435783
11158,0.44725
11159,0.361218
11160,0.359005
11161,0.405642
11162,0.41915
11163,0.347178
11164,0.339681
11165,0.35195
11166,0.419391
11167,0.329251
11168,0.428733
11169,0.310989
11170,0.336696
11171,0.327326
11172,0.30845
11173,0.417647
11174,0.296718
11175,0.337129
11176,0.423744
11177,0.36095
11178,0.338919
11179,0.41053
11180,0.34006
11181,0.366385
11182,0.371944
11183,0.344643
11184,0.337086
11185,0.358142
11186,0.361518
11187,0.355346
11188,0.333347
11189,0.429515
11190,0.322484
11191,0.434401
11192,0.415451
11193,0.347736
11194,0.321469
11195,0.442999
11196,0.355964
11197,0.331873
11198,0.348216
11199,0.446216
11200,0.341016
11201,0.446028
11202,0.308185
11203,0.363626
11204,0.336129
11205,0.442748
11206,0.361794
11207,0.448567
11208,0.349378
11209,0.429531
11210,0.326407
11211,0.445018
11212,0.338159
11213,0.30852
11214,0.37522
11215,0.426288
11216,0.354562
11217,0.330242
11218,0.354154
11219,0.437513
11220,0.441707
11221,0.447269
11222,0.331861
11223,0.33578
11224,0.462146
11225,0.297028
11226,0.362156
11227,0.34605
11228,0.338579
11229,0.30962
11230,0.438505
11231,0.413357
11232,0.35336
11233,0.308843
11234,0.339662
11235,0.325995
11236,0.333212
11237,0.307002
11238,0.289032
11239,0.415821
11240,0.372192
11241,0.355119
11242,0.380399
11243,0.333594
11244,0.319162
11245,0.319534
11246,0.349232
11247,0.335213
11248,0.35253
11249,0.333244
11250,0.319841
11251,0.316359
11252,0.441133
11253,0.33652
11254,0.337745
11255,0.419019
11256,0.340712
11257,0.371425
11258,0.34543
11259,0.362262
11260,0.423161
11261,0.427705
11262,0.334355
11263,0.416441
11264,0.328898
11265,0.340501
11266,0.325076
11267,0.373517
11268,0.301886
11269,0.421519
11270,0.3225
11271,0.35197
11272,0.438298
11273,0.327598
11274,0.432694
11275,0.451789
11276,0.424338
11277,0.352482
11278,0.343224
11279,0.436481
11280,0.326542
11281,0.325809
11282,0.333484
11283,0.298966
11284,0.441102
11285,0.457356
11286,0.359935
11287,0.428058
11288,0.358565
11289,0.367398
11290,0.397795
11291,0.335015
11292,0.362841
11293,0.35578
11294,0.43545
11295,0.335828
11296,0.427358
11297,0.418319
11298,0.409656
11299,0.358437
11300,0.349495
11301,0.303419
11302,0.319162
11303,0.428181
11304,0.438365
11305,0.292483
11306,0.343437
11307,0.326023
11308,0.387828
11309,0.417984
11310,0.34439
11311,0.346346
11312,0.358024
11313,0.420815
11314,0.365435
11315,0.314943
11316,0.377724
11317,0.418208
11318,0.339058
11319,0.333483
11320,0.350807
11321,0.304414
11322,0.312564
11323,0.370608
11324,0.358648
11325,0.368035
11326,0.430421
11327,0.319762
11328,0.383607
11329,0.431675
11330,0.22437
11331,0.365134
11332,0.301538
11333,0.292442
11334,0.375934
11335,0.331561
11336,0.369122
11337,0.350199
11338,0.33461
11339,0.334106
11340,0.367562
11341,0.435964
11342,0.28767
11343,0.347822
11344,0.421038
11345,0.295632
11346,0.366092
11347,0.35137
11348,0.250662
11349,0.366284
11350,0.439957
11351,0.430166
11352,0.328852
11353,0.342253
11354,0.443023
11355,0.341738
11356,0.335336
11357,0.361938
11358,0.316062
11359,0.337035
11360,0.322123
11361,0.425975
11362,0.419517
11363,0.313407
11364,0.434221
11365,0.364482
11366,0.307929
11367,0.334343
11368,0.350467
11369,0.411938
11370,0.347907
11371,0.358063
11372,0.349473
11373,0.427905
11374,0.408966
11375,0.327906
11376,0.328535
11377,0.44109
11378,0.434261
11379,0.312162
11380,0.346863
11381,0.335288
11382,0.361295
11383,0.318485
11384,0.448128
11385,0.335882
11386,0.443675
11387,0.365904
11388,0.42554
11389,0.35803
11390,0.433878
11391,0.428253
11392,0.351393
11393,0.443703
11394,0.357601
11395,0.313334
11396,0.333633
11397,0.42867
11398,0.466217
11399,0.357501
11400,0.403896
11401,0.445875
11402,0.375243
11403,0.328731
11404,0.312557
11405,0.424765
11406,0.467728
11407,0.42583
11408,0.44457
11409,0.431688
11410,0.452568
11411,0.446797
11412,0.335883
11413,0.35188
11414,0.33131
11415,0.338456
11416,0.313815
11417,0.381256
11418,0.442721
11419,0.34108
11420,0.332456
11421,0.418419
11422,0.372465
11423,0.359351
11424,0.361047
11425,0.433656
11426,0.335253
11427,0.321868
11428,0.443459
11429,0.436985
11430,0.329769
11431,0.351562
11432,0.437457
11433,0.341345
11434,0.321656
11435,0.438741
11436,0.42542
11437,0.430072
11438,0.367929
11439,0.418062
11440,0.341021
11441,0.334804
11442,0.421861
11443,0.360048
11444,0.401531
11445,0.364968
11446,0.326321
11447,0.335712
11448,0.418438
11449,0.436956
11450,0.332216
11451,0.33884
11452,0.311347
11453,0.352328
11454,0.422677
11455,0.32545
11456,0.35472
11457,0.325706
11458,0.335189
11459,0.274973
11460,0.369763
11461,0.339254
11462,0.423161
11463,0.361088
11464,0.335237
11465,0.401809
11466,0.406223
11467,0.33445
11468,0.415717
11469,0.324746
11470,0.434609
11471,0.442917
11472,0.313839
11473,0.433531
11474,0.438693
11475,0.356464
11476,0.455493
11477,0.396883
11478,0.416592
11479,0.330467
11480,0.34916
11481,0.403922
11482,0.302887
11483,0.352684
11484,0.357717
11485,0.314827
11486,0.340715
11487,0.429852
11488,0.422391
11489,0.385328
11490,0.451874
11491,0.351177
11492,0.435613
11493,0.443998
11494,0.335919
11495,0.337644
11496,0.449131
11497,0.339088
11498,0.349766
11499,0.443565
11500,0.354231
11501,0.388111
11502,0.351193
11503,0.310628
11504,0.309669
11505,0.453529
11506,0.434444
11507,0.430949
11508,0.430804
11509,0.326621
11510,0.341513
11511,0.342391
11512,0.340044
11513,0.437187
11514,0.285648
11515,0.347284
11516,0.319619
11517,0.366704
11518,0.340958
11519,0.328402
11520,0.384829
11521,0.339288
11522,0.382929
11523,0.366949
11524,0.441765
11525,0.371821
11526,0.449577
11527,0.347681
11528,0.374073
11529,0.357338
11530,0.363025
11531,0.310938
11532,0.31435
11533,0.433967
11534,0.338355
11535,0.376801
11536,0.330336
11537,0.374909
11538,0.430119
11539,0.400083
11540,0.337203
11541,0.374318
11542,0.452629
11543,0.345029
11544,0.358656
11545,0.393113
11546,0.422858
11547,0.30113
11548,0.308402
11549,0.426483
11550,0.347964
11551,0.333912
11552,0.415098
11553,0.354903
11554,0.331375
11555,0.362714
11556,0.426764
11557,0.333191
11558,0.417115
11559,0.375688
11560,0.3604
11561,0.434284
11562,0.41982
11563,0.318806
11564,0.419916
11565,0.32727
11566,0.420329
11567,0.314788
11568,0.405702
11569,0.364703
11570,0.322949
11571,0.372956
11572,0.337134
11573,0.31017
11574,0.285586
11575,0.379936
11576,0.32622
11577,0.401158
11578,0.418484
11579,0.349398
11580,0.422667
11581,0.453359
11582,0.420935
11583,0.347238
11584,0.432157
11585,0.441782
11586,0.398276
11587,0.357477
11588,0.304656
11589,0.359239
11590,0.337313
11591,0.398688
11592,0.423702
11593,0.347886
11594,0.348451
11595,0.344754
11596,0.33666
11597,0.345431
11598,0.438003
11599,0.336344
11600,0.346024
11601,0.335454
11602,0.326465
11603,0.323739
11604,0.433511
11605,0.445227
11606,0.430746
11607,0.454035
11608,0.454448
11609,0.426053
11610,0.43485
11611,0.313847
11612,0.341981
11613,0.443427
11614,0.350618
11615,0.335747
11616,0.351362
11617,0.437971
11618,0.326367
11619,0.325769
11620,0.328445
11621,0.440389
11622,0.416296
11623,0.387458
11624,0.406141
11625,0.422936
11626,0.447894
11627,0.384008
11628,0.440433
11629,0.427072
11630,0.449777
11631,0.434916
11632,0.314583
11633,0.432769
11634,0.435933
11635,0.444934
11636,0.422638
11637,0.331434
11638,0.334279
11639,0.334967
11640,0.356511
11641,0.326782
11642,0.320597
11643,0.36505
11644,0.364975
11645,0.343407
11646,0.398915
11647,0.355015
11648,0.415578
11649,0.416013
11650,0.420601
11651,0.348556
11652,0.428153
11653,0.435502
11654,0.444619
11655,0.454099
11656,0.323296
11657,0.342389
11658,0.358501
11659,0.418222
11660,0.356609
11661,0.355568
11662,0.431264
11663,0.401936
11664,0.33073
11665,0.407
11666,0.42209
11667,0.335831
11668,0.368988
11669,0.35138
11670,0.33686
11671,0.354772
11672,0.341849
11673,0.358787
11674,0.314053
11675,0.329293
11676,0.434579
11677,0.42527
11678,0.358862
11679,0.314207
11680,0.420084
11681,0.365622
11682,0.345384
11683,0.329075
11684,0.345598
11685,0.339126
11686,0.342882
11687,0.275132
11688,0.327955
11689,0.436574
11690,0.330546
11691,0.324733
11692,0.303517
11693,0.386674
11694,0.360765
11695,0.345471
11696,0.418546
11697,0.395456
11698,0.318659
11699,0.412089
11700,0.335654
11701,0.415906
11702,0.340635
11703,0.31669
11704,0.414264
11705,0.435761
11706,0.40361
11707,0.327573
11708,0.328853
11709,0.36322
11710,0.381626
11711,0.335398
11712,0.425192
11713,0.33799
11714,0.335098
11715,0.305243
11716,0.357357
11717,0.34754
11718,0.339911
11719,0.356925
11720,0.338759
11721,0.373128
11722,0.350344
11723,0.441464
11724,0.433877
11725,0.44816
11726,0.427739
11727,0.337291
11728,0.431169
11729,0.4263
11730,0.417687
11731,0.445502
11732,0.368247
11733,0.369316
11734,0.433262
11735,0.442798
11736,0.338609
11737,0.351657
11738,0.305839
11739,0.42391
11740,0.349228
11741,0.41835
11742,0.302453
11743,0.414542
11744,0.342246
11745,0.413539
11746,0.341303
11747,0.435351
11748,0.433361
11749,0.321581
11750,0.433483
11751,0.444001
11752,0.355039
11753,0.453991
11754,0.42333
11755,0.331335
11756,0.343794
11757,0.442339
11758,0.425383
11759,0.448727
11760,0.437698
11761,0.353426
11762,0.418443
11763,0.341462
11764,0.395465
11765,0.445439
11766,0.344918
11767,0.447873
11768,0.451713
11769,0.347948
11770,0.43276
11771,0.443433
11772,0.354628
11773,0.409455
11774,0.423332
11775,0.333689
11776,0.330595
11777,0.369635
11778,0.429536
11779,0.328099
11780,0.365806
11781,0.425423
11782,0.431668
11783,0.372639
11784,0.453158
11785,0.425559
11786,0.353452
11787,0.43811
11788,0.366079
11789,0.459046
11790,0.324673
11791,0.330847
11792,0.321627
11793,0.334256
11794,0.434977
11795,0.412057
11796,0.430451
11797,0.340341
11798,0.423158
11799,0.267546
11800,0.3399
11801,0.345264
11802,0.383293
11803,0.43154
11804,0.394026
11805,0.421332
11806,0.379789
11807,0.4197
11808,0.355187
11809,0.41842
11810,0.326198
11811,0.356994
11812,0.3448
11813,0.425018
11814,0.297897
11815,0.353335
11816,0.410964
11817,0.420135
11818,0.408668
11819,0.319735
11820,0.356529
11821,0.421434
11822,0.315004
11823,0.341661
11824,0.343905
11825,0.332529
11826,0.416101
11827,0.332283
11828,0.357437
11829,0.384964
11830,0.337399
11831,0.312116
11832,0.340842
11833,0.343618
11834,0.336018
11835,0.331023
11836,0.423461
11837,0.36732
11838,0.329448
11839,0.36022
11840,0.349393
11841,0.352256
11842,0.329587
11843,0.32423
11844,0.323726
11845,0.411005
11846,0.414587
11847,0.297296
11848,0.435462
11849,0.429517
11850,0.368827
11851,0.308653
11852,0.453373
11853,0.351547
11854,0.317852
11855,0.437241
11856,0.414409
11857,0.269717
11858,0.435344
11859,0.341858
11860,0.338972
11861,0.370976
11862,0.320319
11863,0.43883
11864,0.364868
11865,0.362469
11866,0.337968
11867,0.323806
11868,0.329379
11869,0.369974
11870,0.461037
11871,0.393712
11872,0.44517
11873,0.428965
11874,0.443249
11875,0.335774
11876,0.334663
11877,0.291167
11878,0.354595
11879,0.325366
11880,0.358812
11881,0.297339
11882,0.449796
11883,0.441709
11884,0.358364
11885,0.323077
11886,0.419064
11887,0.309054
11888,0.319604
11889,0.335898
11890,0.351447
11891,0.349223
11892,0.443521
11893,0.419029
11894,0.354132
11895,0.420112
11896,0.309013
11897,0.359392
11898,0.28623
11899,0.321395
11900,0.409011
11901,0.32718
11902,0.310527
11903,0.316975
11904,0.337163
11905,0.333605
11906,0.310776
11907,0.414025
11908,0.334039
11909,0.338441
11910,0.337665
11911,0.423187
11912,0.413497
11913,0.432089
11914,0.409013
11915,0.418146
11916,0.345886
11917,0.325969
11918,0.363677
11919,0.340565
11920,0.342048
11921,0.312566
11922,0.404919
11923,0.431546
11924,0.335661
11925,0.430887
11926,0.336945
11927,0.329409
11928,0.335965
11929,0.356582
11930,0.32256
11931,0.322804
11932,0.310537
11933,0.33367
11934,0.369804
11935,0.350094
11936,0.327942
11937,0.422875
11938,0.287189
11939,0.304298
11940,0.36675
11941,0.356755
11942,0.380174
11943,0.326843
11944,0.338049
11945,0.322721
11946,0.327591
11947,0.322217
11948,0.306584
11949,0.418147
11950,0.365159
11951,0.326215
11952,0.339753
11953,0.30052
11954,0.441134
11955,0.445342
11956,0.329962
11957,0.359168
11958,0.320161
11959,0.326465
11960,0.359465
11961,0.396897
11962,0.351571
11963,0.42477
11964,0.341134
11965,0.282858
11966,0.344519
11967,0.393278
11968,0.381499
11969,0.336423
11970,0.326159
11971,0.291547
11972,0.350628
11973,0.343621
11974,0.322733
11975,0.343516
11976,0.321371
11977,0.344529
11978,0.303185
11979,0.334852
11980,0.362491
11981,0.317408
11982,0.32383
11983,0.312264
11984,0.298808
11985,0.327887
11986,0.350485
11987,0.371148
11988,0.32752
11989,0.3383
11990,0.361268
11991,0.339558
11992,0.381172
11993,0.347011
11994,0.314324
11995,0.311243
11996,0.333121
11997,0.338452
11998,0.427936
11999,0.316869
12000,0.3391
12001,0.409931
12002,0.363589
12003,0.326888
12004,0.425405
12005,0.320116
12006,0.314215
12007,0.326157
12008,0.425143
12009,0.350503
12010,0.414724
12011,0.357897
12012,0.337279
12013,0.372459
12014,0.352914
12015,0.34793
12016,0.35713
12017,0.330755
12018,0.341577
12019,0.354272
12020,0.341043
12021,0.352228
12022,0.311048
12023,0.342195
12024,0.415085
12025,0.368224
12026,0.332815
12027,0.329337
12028,0.42478
12029,0.402891
12030,0.318212
12031,0.34144
12032,0.32459
12033,0.346734
12034,0.339326
12035,0.329307
12036,0.339117
12037,0.268308
12038,0.332659
12039,0.31949
12040,0.363617
12041,0.362388
12042,0.338592
12043,0.342292
12044,0.35785
12045,0.356778
12046,0.346005
12047,0.317302
12048,0.338247
12049,0.361741
12050,0.373731
12051,0.343277
12052,0.362114
12053,0.428742
12054,0.420109
12055,0.347257
12056,0.389028
12057,0.360564
12058,0.356348
12059,0.319445
12060,0.322253
12061,0.421654
12062,0.31765
12063,0.327268
12064,0.333287
12065,0.370585
12066,0.431534
12067,0.414631
12068,0.362417
12069,0.330888
12070,0.407163
12071,0.370169
12072,0.413812
12073,0.330062
12074,0.334978
12075,0.340585
12076,0.41983
12077,0.429477
12078,0.357001
12079,0.337671
12080,0.414684
12081,0.403491
12082,0.309444
12083,0.300434
12084,0.337921
12085,0.341104
12086,0.370853
12087,0.349389
12088,0.322643
12089,0.330578
12090,0.39874
12091,0.319444
12092,0.304011
12093,0.411207
12094,0.297232
12095,0.418815
12096,0.368823
12097,0.343927
12098,0.397104
12099,0.435709
12100,0.325789
12101,0.354765
12102,0.319214
12103,0.438316
12104,0.333435
12105,0.35752
12106,0.329587
12107,0.351698
12108,0.331009
12109,0.331611
12110,0.311586
12111,0.41316
12112,0.330445
12113,0.350944
12114,0.435972
12115,0.41566
12116,0.413612
12117,0.333631
12118,0.324496
12119,0.394228
12120,0.324961
12121,0.413088
12122,0.274095
12123,0.365229
12124,0.334809
12125,0.372257
12126,0.38014
12127,0.363541
12128,0.349898
12129,0.421512
12130,0.35833
12131,0.408877
12132,0.34707
12133,0.363967
12134,0.314919
12135,0.344809
12136,0.417326
12137,0.310285
12138,0.351424
12139,0.353512
12140,0.327788
12141,0.352544
12142,0.445548
12143,0.352014
12144,0.350155
12145,0.359925
12146,0.298357
12147,0.335207
12148,0.343882
12149,0.400822
12150,0.412916
12151,0.348177
12152,0.416692
12153,0.281751
12154,0.346778
12155,0.391151
12156,0.354038
12157,0.371111
12158,0.407322
12159,0.31675
12160,0.313669
12161,0.359252
12162,0.328841
12163,0.334157
12164,0.309138
12165,0.342717
12166,0.290056
12167,0.335984
12168,0.418798
12169,0.328914
12170,0.344197
12171,0.359632
12172,0.353114
12173,0.320317
12174,0.413981
12175,0.36296
12176,0.329615
12177,0.329055
12178,0.409469
12179,0.331717
12180,0.416311
12181,0.327355
12182,0.3766
12183,0.432271
12184,0.348761
12185,0.404359
12186,0.290588
12187,0.417423
12188,0.307154
12189,0.403929
12190,0.352386
12191,0.354829
12192,0.313404
12193,0.346233
12194,0.413262
12195,0.312273
12196,0.356627
12197,0.306316
12198,0.339329
12199,0.362521
12200,0.415265
12201,0.345207
12202,0.347972
12203,0.318508
12204,0.432214
12205,0.404777
12206,0.422734
12207,0.32422
12208,0.337738
12209,0.283741
12210,0.327195
12211,0.322811
12212,0.311482
12213,0.327162
12214,0.323048
12215,0.325695
12216,0.362401
12217,0.404265
12218,0.345899
12219,0.41419
12220,0.332386
12221,0.317664
12222,0.339357
12223,0.387811
12224,0.303288
12225,0.33279
12226,0.411096
12227,0.413414
12228,0.411858
12229,0.318716
12230,0.298074
12231,0.321664
12232,0.426976
12233,0.343078
12234,0.335024
12235,0.325901
12236,0.320784
12237,0.356904
12238,0.344956
12239,0.339802
12240,0.323076
12241,0.338537
12242,0.341907
12243,0.338544
12244,0.318875
12245,0.319054
12246,0.331801
12247,0.347827
12248,0.308719
12249,0.411974
12250,0.417903
12251,0.312017
12252,0.302718
12253,0.343811
12254,0.424084
12255,0.361133
12256,0.326151
12257,0.362571
12258,0.292163
12259,0.320588
12260,0.348797
12261,0.384129
12262,0.34056
12263,0.351475
12264,0.349025
12265,0.371867
12266,0.331793
12267,0.344287
12268,0.319416
12269,0.335366
12270,0.338259
12271,0.307261
12272,0.310416
12273,0.334571
12274,0.321211
12275,0.331962
12276,0.411417
12277,0.368076
12278,0.331158
12279,0.352179
12280,0.336866
12281,0.413318
12282,0.325779
12283,0.317723
12284,0.330418
12285,0.434471
12286,0.355294
12287,0.42588
12288,0.321897
12289,0.41205
12290,0.380606
12291,0.428023
12292,0.333855
12293,0.338052
12294,0.413984
12295,0.463499
12296,0.342994
12297,0.362641
12298,0.320713
12299,0.326978
12300,0.307918
12301,0.406032
12302,0.320808
12303,0.409884
12304,0.343519
12305,0.31766
12306,0.310766
12307,0.287644
12308,0.336537
12309,0.320651
12310,0.386828
12311,0.334988
12312,0.330728
12313,0.325028
12314,0.357582
12315,0.342082
12316,0.349543
12317,0.345702
12318,0.326043
12319,0.317764
12320,0.413268
12321,0.320708
12322,0.402121
12323,0.365244
12324,0.371376
12325,0.332792
12326,0.289749
12327,0.366525
12328,0.323764
12329,0.406059
12330,0.316989
12331,0.420208
12332,0.336469
12333,0.335525
12334,0.348664
12335,0.371706
12336,0.378638
12337,0.357564
12338,0.402062
12339,0.341833
12340,0.392678
12341,0.318476
12342,0.414467
12343,0.332945
12344,0.311912
12345,0.305422
12346,0.338911
12347,0.4129
12348,0.388329
12349,0.285482
12350,0.368952
12351,0.334742
12352,0.349662
12353,0.361369
12354,0.379043
12355,0.332947
12356,0.35027
12357,0.330911
12358,0.342966
12359,0.338303
12360,0.421388
12361,0.314848
12362,0.353261
12363,0.324679
12364,0.320626
12365,0.389389
12366,0.353746
12367,0.336801
12368,0.342706
12369,0.324262
12370,0.341061
12371,0.30999
12372,0.339777
12373,0.333023
12374,0.351173
12375,0.420611
12376,0.372561
12377,0.342493
12378,0.372694
12379,0.317581
12380,0.335601
12381,0.364107
12382,0.310227
12383,0.339587
12384,0.327536
12385,0.414993
12386,0.331592
12387,0.324875
12388,0.308358
12389,0.336051
12390,0.330411
12391,0.398693
12392,0.325217
12393,0.400381
12394,0.281284
12395,0.349025
12396,0.309869
12397,0.341609
12398,0.42402
12399,0.335852
12400,0.354447
12401,0.315347
12402,0.353496
12403,0.328414
12404,0.397547
12405,0.423409
12406,0.35474
12407,0.315538
12408,0.335715
12409,0.337103
12410,0.315121
12411,0.338654
12412,0.350346
12413,0.33207
12414,0.40766
12415,0.414922
12416,0.365363
12417,0.417449
12418,0.333339
12419,0.338696
12420,0.357672
12421,0.42469
12422,0.355633
12423,0.435484
12424,0.294427
12425,0.309036
12426,0.427606
12427,0.406498
12428,0.422017
12429,0.431542
12430,0.422815
12431,0.338274
12432,0.353878
12433,0.345655
12434,0.410729
12435,0.300401
12436,0.275873
12437,0.462738
12438,0.412573
12439,0.318168
12440,0.345566
12441,0.314013
12442,0.33422
12443,0.321236
12444,0.34755
12445,0.424893
12446,0.362434
12447,0.300219
12448,0.34232
12449,0.324408
12450,0.35968
12451,0.41966
12452,0.360475
12453,0.432929
12454,0.353601
12455,0.425911
12456,0.343161
12457,0.297375
12458,0.424306
12459,0.356415
12460,0.336645
12461,0.336824
12462,0.32315
12463,0.411808
12464,0.321069
12465,0.360333
12466,0.349405
12467,0.333773
12468,0.350731
12469,0.333747
12470,0.309963
12471,0.318532
12472,0.347493
12473,0.245113
12474,0.344961
12475,0.324251
12476,0.333576
12477,0.32037
12478,0.331183
12479,0.330724
12480,0.283081
12481,0.427802
12482,0.356946
12483,0.323901
12484,0.407693
12485,0.334968
12486,0.31558
12487,0.369404
12488,0.420178
12489,0.358861
12490,0.417922
12491,0.412654
12492,0.449394
12493,0.31882
12494,0.303876
12495,0.298794
12496,0.332412
12497,0.328446
12498,0.317955
12499,0.312722
12500,0.35502
12501,0.312922
12502,0.377177
12503,0.309688
12504,0.419326
12505,0.307284
12506,0.324039
12507,0.301549
12508,0.403836
12509,0.28769
12510,0.330705
12511,0.424659
12512,0.357572
12513,0.319389
12514,0.429161
12515,0.365914
12516,0.320973
12517,0.329192
12518,0.415444
12519,0.331485
12520,0.355002
12521,0.407624
12522,0.349967
12523,0.296752
12524,0.348014
12525,0.362626
12526,0.423504
12527,0.321252
12528,0.342807
12529,0.325506
12530,0.334396
12531,0.342365
12532,0.317958
12533,0.362818
12534,0.329703
12535,0.349225
12536,0.361639
12537,0.346838
12538,0.330883
12539,0.301683
12540,0.306812
12541,0.341856
12542,0.346212
12543,0.302346
12544,0.348707
12545,0.433274
12546,0.332419
12547,0.353427
12548,0.414573
12549,0.330934
12550,0.339961
12551,0.329406
12552,0.317622
12553,0.282933
12554,0.359448
12555,0.327001
12556,0.333247
12557,0.299068
12558,0.318354
12559,0.412208
12560,0.434811
12561,0.257451
12562,0.413424
12563,0.400035
12564,0.427418
12565,0.421463
12566,0.416241
12567,0.345613
12568,0.346889
12569,0.356613
12570,0.31451
12571,0.405
12572,0.350055
12573,0.334324
12574,0.311498
12575,0.420733
12576,0.304006
12577,0.343765
12578,0.346574
12579,0.313246
12580,0.341118
12581,0.259512
12582,0.305533
12583,0.325994
12584,0.340388
12585,0.349269
12586,0.397574
12587,0.356343
12588,0.31994
12589,0.305585
12590,0.325482
12591,0.359356
12592,0.360642
12593,0.330623
12594,0.39491
12595,0.308514
12596,0.325341
12597,0.339387
12598,0.355386
12599,0.32721
12600,0.291016
12601,0.338441
12602,0.314576
12603,0.310734
12604,0.349175
12605,0.316241
12606,0.324108
12607,0.320695
12608,0.360127
12609,0.411251
12610,0.33506
12611,0.337976
12612,0.335393
12613,0.421627
12614,0.345829
12615,0.344509
12616,0.39366
12617,0.338666
12618,0.426877
12619,0.326845
12620,0.328882
12621,0.42623
12622,0.410987
12623,0.416887
12624,0.361732
12625,0.419157
12626,0.35326
12627,0.355888
12628,0.376874
12629,0.323583
12630,0.334351
12631,0.335993
12632,0.367635
12633,0.319129
12634,0.33418
12635,0.328223
12636,0.430055
12637,0.429371
12638,0.352418
12639,0.459731
12640,0.352113
12641,0.31344
12642,0.368741
12643,0.336797
12644,0.41228
12645,0.349293
12646,0.34943
12647,0.287702
12648,0.340587
12649,0.417611
12650,0.418167
12651,0.40489
12652,0.454205
12653,0.288829
12654,0.413292
12655,0.35721
12656,0.329169
12657,0.415577
12658,0.35921
12659,0.345787
12660,0.321598
12661,0.342202
12662,0.346176
12663,0.372102
12664,0.335348
12665,0.355388
12666,0.374524
12667,0.418531
12668,0.344243
12669,0.361182
12670,0.363187
12671,0.411981
12672,0.32917
12673,0.303117
12674,0.319836
12675,0.332551
12676,0.414805
12677,0.367196
12678,0.415671
12679,0.419813
12680,0.343411
12681,0.383121
12682,0.327104
12683,0.342692
12684,0.414188
12685,0.310517
12686,0.309771
12687,0.304358
12688,0.40817
12689,0.336601
12690,0.319684
12691,0.341787
12692,0.359095
12693,0.344863
12694,0.329376
12695,0.315842
12696,0.306746
12697,0.332628
12698,0.340945
12699,0.434979
12700,0.431312
12701,0.334076
12702,0.313621
12703,0.441525
12704,0.327897
12705,0.294581
12706,0.315418
12707,0.444929
12708,0.407598
12709,0.278075
12710,0.436022
12711,0.444006
12712,0.434203
12713,0.347279
12714,0.371802
12715,0.346531
12716,0.436071
12717,0.349821
12718,0.426261
12719,0.352278
12720,0.357167
12721,0.324574
12722,0.430883
12723,0.45216
12724,0.44749
12725,0.438728
12726,0.336567
12727,0.371513
12728,0.338025
12729,0.361269
12730,0.33702
12731,0.43559
12732,0.370643
12733,0.423972
12734,0.440713
12735,0.351234
12736,0.436572
12737,0.339048
12738,0.439542
12739,0.32239
12740,0.436159
12741,0.318641
12742,0.33846
12743,0.359464
12744,0.4347
12745,0.429564
12746,0.351619
12747,0.284742
12748,0.443154
12749,0.420653
12750,0.421632
12751,0.369122
12752,0.322978
12753,0.420509
12754,0.366813
12755,0.333108
12756,0.317362
12757,0.371354
12758,0.456218
12759,0.432346
12760,0.32631
12761,0.330628
12762,0.325877
12763,0.34612
12764,0.423071
12765,0.330015
12766,0.349932
12767,0.346365
12768,0.45408
12769,0.320061
12770,0.337213
12771,0.433761
12772,0.327804
12773,0.355141
12774,0.323087
12775,0.331145
12776,0.29771
12777,0.354601
12778,0.333203
12779,0.335706
12780,0.333264
12781,0.340623
12782,0.414273
12783,0.418201
12784,0.346776
12785,0.361144
12786,0.410176
12787,0.369441
12788,0.324858
12789,0.332408
12790,0.290977
12791,0.335496
12792,0.334106
12793,0.34067
12794,0.332751
12795,0.331787
12796,0.312297
12797,0.32829
12798,0.371122
12799,0.348644
12800,0.38133
12801,0.33825
12802,0.360054
12803,0.326929
12804,0.427124
12805,0.410116
12806,0.414708
12807,0.349818
12808,0.418939
12809,0.337494
12810,0.348488
12811,0.355297
12812,0.340671
12813,0.336587
12814,0.376414
12815,0.323274
12816,0.42875
12817,0.297467
12818,0.420126
12819,0.3309
12820,0.324524
12821,0.427362
12822,0.359341
12823,0.338845
12824,0.426037
12825,0.334036
12826,0.431788
12827,0.397899
12828,0.29604
12829,0.405971
12830,0.33419
12831,0.42679
12832,0.316116
12833,0.456974
12834,0.390872
12835,0.452344
12836,0.323704
12837,0.294812
12838,0.398333
12839,0.449281
12840,0.437077
12841,0.328909
12842,0.359122
12843,0.421075
12844,0.34356
12845,0.441586
12846,0.317599
12847,0.438576
12848,0.332255
12849,0.398881
12850,0.443353
12851,0.342705
12852,0.342679
12853,0.434875
12854,0.414812
12855,0.438209
12856,0.405801
12857,0.399008
12858,0.432801
12859,0.413442
12860,0.323802
12861,0.296802
12862,0.323173
12863,0.335969
12864,0.308772
12865,0.456087
12866,0.352066
12867,0.420884
12868,0.344069
12869,0.434234
12870,0.430877
12871,0.349467
12872,0.313765
12873,0.314471
12874,0.311846
12875,0.348077
12876,0.359472
12877,0.317632
12878,0.398375
12879,0.323785
12880,0.430917
12881,0.34373
12882,0.343843
12883,0.320147
12884,0.377357
12885,0.357112
12886,0.333244
12887,0.344123
12888,0.416747
12889,0.319208
12890,0.323723
12891,0.344251
12892,0.415337
12893,0.320798
12894,0.438602
12895,0.34791
12896,0.407269
12897,0.411356
12898,0.411541
12899,0.404832
12900,0.429302
12901,0.32958
12902,0.399859
12903,0.339462
12904,0.337303
12905,0.327895
12906,0.340722
12907,0.347343
12908,0.315817
12909,0.35797
12910,0.412102
12911,0.430474
12912,0.353813
12913,0.29849
12914,0.272629
12915,0.348268
12916,0.342148
12917,0.329019
12918,0.352349
12919,0.338121
12920,0.398768
12921,0.425448
12922,0.447574
12923,0.35134
12924,0.399935
12925,0.292293
12926,0.312841
12927,0.340274
12928,0.348875
12929,0.41229
12930,0.353215
12931,0.30072
12932,0.373715
12933,0.330807
12934,0.440481
12935,0.335586
12936,0.321699
12937,0.404146
12938,0.422835
12939,0.390166
12940,0.434754
12941,0.316413
12942,0.36371
12943,0.388053
12944,0.35191
12945,0.363531
12946,0.369729
12947,0.374302
12948,0.408575
12949,0.3326
12950,0.422988
12951,0.432532
12952,0.359214
12953,0.352433
12954,0.35553
12955,0.425692
12956,0.360705
12957,0.450731
12958,0.335107
12959,0.342343
12960,0.360627
12961,0.439577
12962,0.333923
12963,0.350868
12964,0.43332
12965,0.355405
12966,0.418343
12967,0.349461
12968,0.295217
12969,0.425955
12970,0.32622
12971,0.318782
12972,0.422599
12973,0.356165
12974,0.330897
12975,0.347659
12976,0.381853
12977,0.335917
12978,0.325039
12979,0.347546
12980,0.314792
12981,0.333343
12982,0.364108
12983,0.418333
12984,0.368461
12985,0.346886
12986,0.37972
12987,0.315012
12988,0.346824
12989,0.337141
12990,0.306043
12991,0.288325
12992,0.352182
12993,0.326392
12994,0.36354
12995,0.347979
12996,0.276534
12997,0.320522
12998,0.414451
12999,0.431552
13000,0.333163
13001,0.356521
13002,0.416491
13003,0.41445
13004,0.411608
13005,0.375325
13006,0.332194
13007,0.32075
13008,0.452792
13009,0.352746
13010,0.349415
13011,0.341121
13012,0.316364
13013,0.442224
13014,0.338071
13015,0.426818
13016,0.438057
13017,0.353493
13018,0.331424
13019,0.365006
13020,0.364299
13021,0.413693
13022,0.33168
13023,0.356624
13024,0.314999
13025,0.360674
13026,0.365787
13027,0.332682
13028,0.358221
13029,0.398734
13030,0.324351
13031,0.392636
13032,0.428049
13033,0.350474
13034,0.382529
13035,0.31195
13036,0.323994
13037,0.358469
13038,0.314051
13039,0.414928
13040,0.35609
13041,0.344432
13042,0.381931
13043,0.322527
13044,0.322637
13045,0.332273
13046,0.3317
13047,0.32998
13048,0.380846
13049,0.330581
13050,0.358935
13051,0.312776
13052,0.319682
13053,0.342007
13054,0.359052
13055,0.311336
13056,0.338935
13057,0.343131
13058,0.430202
13059,0.306123
13060,0.346135
13061,0.322747
13062,0.309234
13063,0.333279
13064,0.260373
13065,0.423386
13066,0.363351
13067,0.341646
13068,0.434189
13069,0.43062
13070,0.348614
13071,0.348913
13072,0.423692
13073,0.356894
13074,0.346364
13075,0.374806
13076,0.322383
13077,0.339238
13078,0.307408
13079,0.39897
13080,0.34254
13081,0.43949
13082,0.424448
13083,0.423382
13084,0.35347
13085,0.356741
13086,0.334695
13087,0.409454
13088,0.440666
13089,0.34148
13090,0.311666
13091,0.36112
13092,0.333625
13093,0.329971
13094,0.372703
13095,0.356867
13096,0.325084
13097,0.36541
13098,0.325074
13099,0.34279
13100,0.315787
13101,0.345082
13102,0.338643
13103,0.319569
13104,0.430544
13105,0.339592
13106,0.299638
13107,0.326762
13108,0.32741
13109,0.329652
13110,0.333189
13111,0.371945
13112,0.350082
13113,0.330651
13114,0.340591
13115,0.279515
13116,0.343646
13117,0.371382
13118,0.312707
13119,0.340506
13120,0.312464
13121,0.344907
13122,0.408583
13123,0.324172
13124,0.362527
13125,0.324138
13126,0.304927
13127,0.330849
13128,0.332925
13129,0.275161
13130,0.325712
13131,0.337261
13132,0.381765
13133,0.348696
13134,0.322398
13135,0.336292
13136,0.349841
13137,0.334921
13138,0.417327
13139,0.282414
13140,0.429116
13141,0.370413
13142,0.358161
13143,0.320417
13144,0.332145
13145,0.333139
13146,0.330192
13147,0.310845
13148,0.344201
13149,0.361767
13150,0.409541
13151,0.314465
13152,0.333564
13153,0.301286
13154,0.332787
13155,0.389963
13156,0.322749
13157,0.344345
13158,0.313864
13159,0.407911
13160,0.422345
13161,0.414197
13162,0.324277
13163,0.352657
13164,0.382661
13165,0.365321
13166,0.33455
13167,0.431179
13168,0.293923
13169,0.439868
13170,0.453273
13171,0.323955
13172,0.346451
13173,0.32233
13174,0.352987
13175,0.36614
13176,0.440073
13177,0.423529
13178,0.425177
13179,0.34144
13180,0.377925
13181,0.333291
13182,0.430978
13183,0.364515
13184,0.382939
13185,0.339947
13186,0.326842
13187,0.410583
13188,0.377023
13189,0.312668
13190,0.432635
13191,0.369719
13192,0.329975
13193,0.330331
13194,0.35135
13195,0.336427
13196,0.326749
13197,0.293742
13198,0.344212
13199,0.333261
13200,0.352644
13201,0.430084
13202,0.345173
13203,0.447505
13204,0.338499
13205,0.436291
13206,0.331034
13207,0.360142
13208,0.453248
13209,0.331323
13210,0.429759
13211,0.462965
13212,0.429046
13213,0.435976
13214,0.449867
13215,0.437359
13216,0.430098
13217,0.337391
13218,0.442881
13219,0.428981
13220,0.330972
13221,0.453441
13222,0.369904
13223,0.411153
13224,0.350875
13225,0.356147
13226,0.422132
13227,0.317217
13228,0.428318
13229,0.430916
13230,0.330326
13231,0.431587
13232,0.360019
13233,0.347435
13234,0.32018
13235,0.322515
13236,0.335286
13237,0.319387
13238,0.407974
13239,0.454439
13240,0.346783
13241,0.344689
13242,0.423818
13243,0.346285
13244,0.310798
13245,0.318126
13246,0.327951
13247,0.394358
13248,0.335233
13249,0.341013
13250,0.34021
13251,0.311858
13252,0.374283
13253,0.340046
13254,0.325247
13255,0.411236
13256,0.331743
13257,0.351135
13258,0.368593
13259,0.324657
13260,0.334261
13261,0.420674
13262,0.356094
13263,0.328139
13264,0.354045
13265,0.311826
13266,0.401166
13267,0.336386
13268,0.325814
13269,0.364298
13270,0.373928
13271,0.434869
13272,0.432963
13273,0.316873
13274,0.341643
13275,0.337416
13276,0.305847
13277,0.329261
13278,0.322881
13279,0.32095
13280,0.3377
13281,0.304173
13282,0.312057
13283,0.324544
13284,0.422301
13285,0.335113
13286,0.424189
13287,0.40602
13288,0.399311
13289,0.416757
13290,0.346131
13291,0.317262
13292,0.362284
13293,0.354123
13294,0.356768
13295,0.363653
13296,0.361316
13297,0.329778
13298,0.349789
13299,0.410583
13300,0.404722
13301,0.35869
13302,0.35581
13303,0.341282
13304,0.330775
13305,0.418772
13306,0.33398
13307,0.328208
13308,0.39232
13309,0.451414
13310,0.424599
13311,0.352379
13312,0.415548
13313,0.316738
13314,0.334914
13315,0.310403
13316,0.318629
13317,0.331197
13318,0.42796
13319,0.357507
13320,0.431591
13321,0.382403
13322,0.464697
13323,0.390541
13324,0.430856
13325,0.36479
13326,0.354735
13327,0.362564
13328,0.342026
13329,0.356416
13330,0.334219
13331,0.324236
13332,0.435932
13333,0.431603
13334,0.324089
13335,0.428741
13336,0.360763
13337,0.294255
13338,0.373358
13339,0.365558
13340,0.341821
13341,0.287616
13342,0.344858
13343,0.42265
13344,0.443438
13345,0.304515
13346,0.359691
13347,0.319463
13348,0.44049
13349,0.437548
13350,0.434493
13351,0.316223
13352,0.336394
13353,0.446784
13354,0.287987
13355,0.385243
13356,0.418857
13357,0.326425
13358,0.327963
13359,0.334805
13360,0.352907
13361,0.42813
13362,0.322986
13363,0.331716
13364,0.31841
13365,0.339923
13366,0.34462
13367,0.359628
13368,0.437088
13369,0.362172
13370,0.319059
13371,0.404885
13372,0.328369
13373,0.443149
13374,0.328892
13375,0.369444
13376,0.322009
13377,0.401628
13378,0.436209
13379,0.36962
13380,0.316579
13381,0.408249
13382,0.306337
13383,0.341974
13384,0.327449
13385,0.359544
13386,0.342469
13387,0.404007
13388,0.320047
13389,0.335
13390,0.356474
13391,0.36374
13392,0.408578
13393,0.2997
13394,0.342862
13395,0.319156
13396,0.40284
13397,0.360698
13398,0.368499
13399,0.332952
13400,0.313682
13401,0.340123
13402,0.327842
13403,0.29196
13404,0.310343
13405,0.310654
13406,0.340182
13407,0.347497
13408,0.352919
13409,0.303357
13410,0.414799
13411,0.403841
13412,0.313186
13413,0.349498
13414,0.32576
13415,0.315637
13416,0.328348
13417,0.333898
13418,0.317206
13419,0.342713
13420,0.412631
13421,0.313057
13422,0.365586
13423,0.414168
13424,0.432942
13425,0.426711
13426,0.324732
13427,0.328079
13428,0.439234
13429,0.462199
13430,0.419658
13431,0.42858
13432,0.414214
13433,0.409499
13434,0.335602
13435,0.421849
13436,0.304005
13437,0.301003
13438,0.356471
13439,0.347637
13440,0.43715
13441,0.425783
13442,0.421238
13443,0.42198
13444,0.34719
13445,0.337378
13446,0.429043
13447,0.424635
13448,0.337955
13449,0.431478
13450,0.354223
13451,0.444652
13452,0.38265
13453,0.317459
13454,0.348561
13455,0.330969
13456,0.349533
13457,0.321338
13458,0.328488
13459,0.447811
13460,0.357278
13461,0.361598
13462,0.348593
13463,0.326718
13464,0.32801
13465,0.333913
13466,0.415591
13467,0.410894
13468,0.419
13469,0.320108
13470,0.443746
13471,0.292251
13472,0.315502
13473,0.32313
13474,0.421701
13475,0.422675
13476,0.311139
13477,0.359507
13478,0.346222
13479,0.475402
13480,0.329548
13481,0.407859
13482,0.318528
13483,0.335709
13484,0.424692
13485,0.358007
13486,0.330444
13487,0.362941
13488,0.405742
13489,0.348699
13490,0.339414
13491,0.347182
13492,0.357469
13493,0.414729
13494,0.428229
13495,0.355592
13496,0.345047
13497,0.349026
13498,0.432538
13499,0.324276
13500,0.355195
13501,0.39828
13502,0.431231
13503,0.360339
13504,0.433317
13505,0.439329
13506,0.363241
13507,0.310631
13508,0.446634
13509,0.338165
13510,0.371592
13511,0.317291
13512,0.356149
13513,0.312747
13514,0.345877
13515,0.358473
13516,0.444015
13517,0.31
13518,0.3532
13519,0.437791
13520,0.432121
13521,0.346395
13522,0.359128
13523,0.416469
13524,0.332557
13525,0.314616
13526,0.320323
13527,0.320082
13528,0.364492
13529,0.332814
13530,0.342651
13531,0.345228
13532,0.341972
13533,0.346967
13534,0.406419
13535,0.412337
13536,0.359135
13537,0.336802
13538,0.357264
13539,0.329557
13540,0.343954
13541,0.202037
13542,0.323578
13543,0.320287
13544,0.3218
13545,0.406528
13546,0.399711
13547,0.347527
13548,0.374264
13549,0.43461
13550,0.351025
13551,0.341477
13552,0.318493
13553,0.324357
13554,0.341486
13555,0.291116
13556,0.374299
13557,0.356633
13558,0.30217
13559,0.327945
13560,0.311623
13561,0.406439
13562,0.338697
13563,0.298993
13564,0.375967
13565,0.42578
13566,0.356384
13567,0.36288
13568,0.360818
13569,0.429338
13570,0.344198
13571,0.353828
13572,0.433996
13573,0.317231
13574,0.329289
13575,0.324676
13576,0.375833
13577,0.361472
13578,0.409646
13579,0.332769
13580,0.425667
13581,0.432777
13582,0.300568
13583,0.35034
13584,0.433635
13585,0.325022
13586,0.365604
13587,0.444105
13588,0.365738
13589,0.344567
13590,0.322399
13591,0.343025
13592,0.32828
13593,0.337886
13594,0.459318
13595,0.308896
13596,0.365758
13597,0.338582
13598,0.32425
13599,0.436885
13600,0.33613
13601,0.340416
13602,0.306263
13603,0.320186
13604,0.324774
13605,0.243338
13606,0.347914
13607,0.422454
13608,0.363387
13609,0.421578
13610,0.447425
13611,0.301153
13612,0.404146
13613,0.393921
13614,0.345653
13615,0.433873
13616,0.436266
13617,0.428919
13618,0.345399
13619,0.310461
13620,0.339845
13621,0.364791
13622,0.271794
13623,0.302497
13624,0.418075
13625,0.373008
13626,0.309278
13627,0.34448
13628,0.258931
13629,0.327783
13630,0.356166
13631,0.315472
13632,0.372515
13633,0.331805
13634,0.30633
13635,0.319478
13636,0.340843
13637,0.285935
13638,0.38878
13639,0.338108
13640,0.421462
13641,0.393651
13642,0.368195
13643,0.317574
13644,0.341373
13645,0.329842
13646,0.333548
13647,0.335981
13648,0.321225
13649,0.362628
13650,0.358068
13651,0.305074
13652,0.346949
13653,0.428291
13654,0.299374
13655,0.350443
13656,0.395446
13657,0.335892
13658,0.327203
13659,0.331639
13660,0.355893
13661,0.322308
13662,0.336074
13663,0.358139
13664,0.362468
13665,0.317102
13666,0.361272
13667,0.349613
13668,0.329251
13669,0.3342
13670,0.327007
13671,0.305146
13672,0.339049
13673,0.345494
13674,0.371015
13675,0.373719
13676,0.353713
13677,0.343585
13678,0.368186
13679,0.324409
13680,0.448136
13681,0.327598
13682,0.324395
13683,0.439374
13684,0.339943
13685,0.319986
13686,0.423394
13687,0.339581
13688,0.325001
13689,0.347116
13690,0.341993
13691,0.321268
13692,0.323812
13693,0.355502
13694,0.404746
13695,0.357564
13696,0.418443
13697,0.434185
13698,0.334455
13699,0.431109
13700,0.331936
13701,0.317693
13702,0.434673
13703,0.301963
13704,0.322959
13705,0.411241
13706,0.337215
13707,0.330874
13708,0.354888
13709,0.443799
13710,0.3088
13711,0.333012
13712,0.311905
13713,0.334484
13714,0.30082
13715,0.330552
13716,0.322404
13717,0.437568
13718,0.427381
13719,0.343979
13720,0.324035
13721,0.347158
13722,0.36024
13723,0.319874
13724,0.371834
13725,0.366727
13726,0.328383
13727,0.356706
13728,0.410029
13729,0.40864
13730,0.303152
13731,0.358466
13732,0.442788
13733,0.355578
13734,0.323161
13735,0.35855
13736,0.307512
13737,0.355748
13738,0.409413
13739,0.41807
13740,0.346176
13741,0.349483
13742,0.421661
13743,0.334247
13744,0.40087
13745,0.434219
13746,0.335785
13747,0.327416
13748,0.315785
13749,0.355184
13750,0.404396
13751,0.347411
13752,0.335247
13753,0.430159
13754,0.334629
13755,0.397607
13756,0.377662
13757,0.440198
13758,0.395347
13759,0.355123
13760,0.280835
13761,0.432286
13762,0.417553
13763,0.348726
13764,0.332579
13765,0.309737
13766,0.411535
13767,0.425054
13768,0.35638
13769,0.357219
13770,0.330365
13771,0.331688
13772,0.328567
13773,0.351302
13774,0.321622
13775,0.313803
13776,0.320514
13777,0.329726
13778,0.321253
13779,0.303846
13780,0.41502
13781,0.308705
13782,0.321465
13783,0.31624
13784,0.432748
13785,0.310793
13786,0.357336
13787,0.330307
13788,0.348216
13789,0.320718
13790,0.311068
13791,0.328593
13792,0.423069
13793,0.329164
13794,0.323476
13795,0.328847
13796,0.334076
13797,0.317364
13798,0.313964
13799,0.335411
13800,0.27495
13801,0.356181
13802,0.320682
13803,0.263898
13804,0.347612
13805,0.313959
13806,0.33291
13807,0.330252
13808,0.425685
13809,0.427055
13810,0.323698
13811,0.342092
13812,0.417299
13813,0.253011
13814,0.340211
13815,0.360849
13816,0.294149
13817,0.335145
13818,0.332417
13819,0.356091
13820,0.402606
13821,0.320804
13822,0.414422
13823,0.407053
13824,0.333053
13825,0.340423
13826,0.330058
13827,0.359833
13828,0.361279
13829,0.320334
13830,0.310524
13831,0.338991
13832,0.328182
13833,0.299138
13834,0.413921
13835,0.415089
13836,0.419744
13837,0.38256
13838,0.360346
13839,0.372335
13840,0.31111
13841,0.338469
13842,0.34302
13843,0.42425
13844,0.310243
13845,0.424695
13846,0.346413
13847,0.307609
13848,0.280567
13849,0.324994
13850,0.337839
13851,0.343626
13852,0.400723
13853,0.289175
13854,0.324797
13855,0.317607
13856,0.315563
13857,0.334295
13858,0.323478
13859,0.356673
13860,0.420634
13861,0.422443
13862,0.342683
13863,0.34262
13864,0.428513
13865,0.305053
13866,0.292789
13867,0.329882
13868,0.342588
13869,0.330622
13870,0.427886
13871,0.338821
13872,0.416594
13873,0.330277
13874,0.361439
13875,0.370494
13876,0.366835
13877,0.415295
13878,0.333045
13879,0.416475
13880,0.32334
13881,0.415645
13882,0.325464
13883,0.318559
13884,0.381378
13885,0.349001
13886,0.336909
13887,0.340739
13888,0.361419
13889,0.359739
13890,0.413458
13891,0.419272
13892,0.325938
13893,0.329282
13894,0.314653
13895,0.336895
13896,0.401279
13897,0.344937
13898,0.327278
13899,0.364327
13900,0.359978
13901,0.309044
13902,0.346806
13903,0.328324
13904,0.432099
13905,0.343648
13906,0.443304
13907,0.419251
13908,0.330235
13909,0.403799
13910,0.341916
13911,0.336226
13912,0.448299
13913,0.424323
13914,0.451509
13915,0.419515
13916,0.443422
13917,0.427357
13918,0.35001
13919,0.405213
13920,0.410944
13921,0.343038
13922,0.352286
13923,0.461768
13924,0.428799
13925,0.42543
13926,0.32394
13927,0.427139
13928,0.443984
13929,0.429289
13930,0.351924
13931,0.306648
13932,0.343121
13933,0.449625
13934,0.420378
13935,0.343353
13936,0.362296
13937,0.41944
13938,0.366549
13939,0.323788
13940,0.31107
13941,0.437287
13942,0.441754
13943,0.357487
13944,0.328735
13945,0.352611
13946,0.438802
13947,0.312447
13948,0.356673
13949,0.432186
13950,0.328371
13951,0.440613
13952,0.298083
13953,0.421322
13954,0.329999
13955,0.307586
13956,0.395634
13957,0.345367
13958,0.32348
13959,0.404143
13960,0.351181
13961,0.313538
13962,0.407428
13963,0.332965
13964,0.389203
13965,0.318325
13966,0.337441
13967,0.308556
13968,0.299666
13969,0.292793
13970,0.332137
13971,0.413602
13972,0.294079
13973,0.42517
13974,0.413919
13975,0.345668
13976,0.418759
13977,0.347734
13978,0.314404
13979,0.351841
13980,0.313329
13981,0.324855
13982,0.327352
13983,0.284833
13984,0.343261
13985,0.338464
13986,0.318229
13987,0.348763
13988,0.416837
13989,0.363639
13990,0.406413
13991,0.352106
13992,0.404035
13993,0.291556
13994,0.273431
13995,0.418601
13996,0.308952
13997,0.336671
13998,0.39448
13999,0.360333
14000,0.375584
14001,0.40994
14002,0.43114
14003,0.347578
14004,0.340019
14005,0.343175
14006,0.272021
14007,0.341511
14008,0.350514
14009,0.43366
14010,0.342983
14011,0.343245
14012,0.303978
14013,0.356085
14014,0.345427
14015,0.369987
14016,0.452021
14017,0.338347
14018,0.359012
14019,0.419684
14020,0.423277
14021,0.340945
14022,0.349825
14023,0.448802
14024,0.289709
14025,0.360835
14026,0.414136
14027,0.379993
14028,0.337819
14029,0.418808
14030,0.310237
14031,0.441164
14032,0.351176
14033,0.335443
14034,0.363135
14035,0.348352
14036,0.435105
14037,0.441604
14038,0.341223
14039,0.312258
14040,0.335534
14041,0.360924
14042,0.302967
14043,0.344449
14044,0.382336
14045,0.42278
14046,0.353275
14047,0.383264
14048,0.420193
14049,0.360161
14050,0.376233
14051,0.437542
14052,0.323336
14053,0.426131
14054,0.347723
14055,0.453953
14056,0.420894
14057,0.330814
14058,0.32396
14059,0.322857
14060,0.309566
14061,0.327845
14062,0.33211
14063,0.344405
14064,0.4147
14065,0.323692
14066,0.348865
14067,0.326845
14068,0.302421
14069,0.362551
14070,0.386531
14071,0.352887
14072,0.337572
14073,0.337404
14074,0.336378
14075,0.306298
14076,0.404754
14077,0.345521
14078,0.338076
14079,0.314592
14080,0.341592
14081,0.332379
14082,0.325258
14083,0.401804
14084,0.320756
14085,0.326129
14086,0.332433
14087,0.333976
14088,0.415121
14089,0.36184
14090,0.350318
14091,0.337979
14092,0.438059
14093,0.433293
14094,0.427771
14095,0.454355
14096,0.439291
14097,0.308709
14098,0.335584
14099,0.341367
14100,0.337874
14101,0.335421
14102,0.320553
14103,0.43073
14104,0.279797
14105,0.392609
14106,0.35934
14107,0.345705
14108,0.343264
14109,0.341319
14110,0.331099
14111,0.349156
14112,0.32302
14113,0.352657
14114,0.30369
14115,0.341197
14116,0.316997
14117,0.309516
14118,0.332133
14119,0.336489
14120,0.32894
14121,0.416036
14122,0.413453
14123,0.410459
14124,0.353683
14125,0.317235
14126,0.339191
14127,0.345854
14128,0.379526
14129,0.422162
14130,0.351973
14131,0.404474
14132,0.380839
14133,0.314959
14134,0.37207
14135,0.351236
14136,0.351401
14137,0.354434
14138,0.329656
14139,0.321401
14140,0.341508
14141,0.305018
14142,0.419525
14143,0.326351
14144,0.382288
14145,0.310284
14146,0.335979
14147,0.349575
14148,0.344965
14149,0.317095
14150,0.338115
14151,0.305579
14152,0.407088
14153,0.348896
14154,0.329223
14155,0.310569
14156,0.344295
14157,0.312124
14158,0.299418
14159,0.406256
14160,0.327951
14161,0.339688
14162,0.355003
14163,0.324279
14164,0.420538
14165,0.254751
14166,0.410808
14167,0.431387
14168,0.349321
14169,0.348483
14170,0.349383
14171,0.344556
14172,0.336161
14173,0.315649
14174,0.358291
14175,0.363405
14176,0.32918
14177,0.352102
14178,0.423492
14179,0.341157
14180,0.41578
14181,0.351694
14182,0.343219
14183,0.376608
14184,0.352958
14185,0.334481
14186,0.426466
14187,0.361893
14188,0.413071
14189,0.334433
14190,0.35327
14191,0.330237
14192,0.340924
14193,0.417461
14194,0.353421
14195,0.417071
14196,0.328181
14197,0.333252
14198,0.348136
14199,0.359565
14200,0.318866
14201,0.351066
14202,0.326296
14203,0.356474
14204,0.3361
14205,0.407168
14206,0.320256
14207,0.322072
14208,0.426756
14209,0.3373
14210,0.323987
14211,0.343254
14212,0.326841
14213,0.344377
14214,0.318351
14215,0.362611
14216,0.312375
14217,0.357644
14218,0.316902
14219,0.416917
14220,0.324426
14221,0.400125
14222,0.323903
14223,0.352385
14224,0.344462
14225,0.334523
14226,0.422531
14227,0.412472
14228,0.328495
14229,0.329756
14230,0.363213
14231,0.337761
14232,0.428766
14233,0.367847
14234,0.312703
14235,0.417039
14236,0.334416
14237,0.352266
14238,0.324904
14239,0.339209
14240,0.302444
14241,0.312434
14242,0.348696
14243,0.420969
14244,0.330836
14245,0.347125
14246,0.322277
14247,0.346034
14248,0.435869
14249,0.350988
14250,0.427483
14251,0.409157
14252,0.326733
14253,0.414912
14254,0.355031
14255,0.329716
14256,0.280933
14257,0.337517
14258,0.363101
14259,0.34435
14260,0.3655
14261,0.316053
14262,0.367631
14263,0.421843
14264,0.342237
14265,0.314408
14266,0.312962
14267,0.357948
14268,0.374141
14269,0.348381
14270,0.331357
14271,0.326229
14272,0.253136
14273,0.410367
14274,0.288308
14275,0.341638
14276,0.342415
14277,0.367563
14278,0.335105
14279,0.330741
14280,0.424936
14281,0.428471
14282,0.394386
14283,0.320981
14284,0.31312
14285,0.339065
14286,0.342232
14287,0.414955
14288,0.375155
14289,0.314541
14290,0.355144
14291,0.355101
14292,0.318869
14293,0.403977
14294,0.367878
14295,0.325936
14296,0.303252
14297,0.290176
14298,0.422147
14299,0.41857
14300,0.406604
14301,0.422216
14302,0.329742
14303,0.336953
14304,0.339796
14305,0.334507
14306,0.416743
14307,0.323592
14308,0.411279
14309,0.321166
14310,0.312145
14311,0.342389
14312,0.305476
14313,0.320517
14314,0.302739
14315,0.316203
14316,0.355144
14317,0.295945
14318,0.365885
14319,0.338092
14320,0.405191
14321,0.314831
14322,0.341847
14323,0.363221
14324,0.421029
14325,0.408757
14326,0.335025
14327,0.336781
14328,0.312032
14329,0.365251
14330,0.337447
14331,0.348138
14332,0.323945
14333,0.335008
14334,0.421966
14335,0.319456
14336,0.414975
14337,0.424891
14338,0.428553
14339,0.417158
14340,0.312194
14341,0.368341
14342,0.372362
14343,0.322604
14344,0.417925
14345,0.310007
14346,0.327139
14347,0.348271
14348,0.345843
14349,0.439465
14350,0.326361
14351,0.384872
14352,0.31975
14353,0.332099
14354,0.330612
14355,0.336852
14356,0.34523
14357,0.339297
14358,0.42065
14359,0.351531
14360,0.33606
14361,0.331634
14362,0.359828
14363,0.333348
14364,0.407671
14365,0.345298
14366,0.345525
14367,0.351213
14368,0.411281
14369,0.396922
14370,0.352422
14371,0.352765
14372,0.337995
14373,0.687886
14374,0.27823
14375,0.453669
14376,0.43106
14377,0.345402
14378,0.353346
14379,0.4339
14380,0.35905
14381,0.441769
14382,0.396923
14383,0.42544
14384,0.362588
14385,0.322249
14386,0.431928
14387,0.331991
14388,0.431486
14389,0.312469
14390,0.42917
14391,0.36834
14392,0.438387
14393,0.344802
14394,0.341086
14395,0.435671
14396,0.438705
14397,0.315191
14398,0.32879
14399,0.330279
14400,0.346846
14401,0.403241
14402,0.341137
14403,0.424202
14404,0.404929
14405,0.35646
14406,0.367953
14407,0.340508
14408,0.319009
14409,0.41809
14410,0.321939
14411,0.362196
14412,0.344012
14413,0.372008
14414,0.410246
14415,0.28804
14416,0.363764
14417,0.325378
14418,0.428597
14419,0.368169
14420,0.35677
14421,0.322025
14422,0.325877
14423,0.33415
14424,0.33083
14425,0.415298
14426,0.431807
14427,0.430746
14428,0.455154
14429,0.346244
14430,0.416349
14431,0.34418
14432,0.378874
14433,0.439543
14434,0.394548
14435,0.408732
14436,0.34938
14437,0.347818
14438,0.224683
14439,0.424738
14440,0.344701
14441,0.346339
14442,0.451859
14443,0.417605
14444,0.340406
14445,0.45492
14446,0.395134
14447,0.4351
14448,0.420003
14449,0.443473
14450,0.361561
14451,0.305107
14452,0.420449
14453,0.363625
14454,0.331359
14455,0.318911
14456,0.355466
14457,0.328479
14458,0.3487
14459,0.396959
14460,0.414206
14461,0.318663
14462,0.342423
14463,0.270295
14464,0.321543
14465,0.309568
14466,0.339143
14467,0.347884
14468,0.306432
14469,0.338502
14470,0.319716
14471,0.401993
14472,0.407353
14473,0.409571
14474,0.3467
14475,0.355176
14476,0.347525
14477,0.292647
14478,0.331245
14479,0.401171
14480,0.31355
14481,0.362433
14482,0.31655
14483,0.310022
14484,0.339541
14485,0.432712
14486,0.342997
14487,0.318324
14488,0.411824
14489,0.334067
14490,0.355026
14491,0.351143
14492,0.352784
14493,0.309572
14494,0.34618
14495,0.326172
14496,0.302762
14497,0.402839
14498,0.353666
14499,0.339465
14500,0.399127
14501,0.317202
14502,0.410689
14503,0.340398
14504,0.333238
14505,0.348746
14506,0.320164
14507,0.319349
14508,0.344254
14509,0.423692
14510,0.297584
14511,0.341653
14512,0.424131
14513,0.352036
14514,0.327412
14515,0.342807
14516,0.344632
14517,0.340327
14518,0.347095
14519,0.3073
14520,0.30367
14521,0.352653
14522,0.338325
14523,0.388566
14524,0.325354
14525,0.338509
14526,0.303175
14527,0.333074
14528,0.366062
14529,0.417926
14530,0.322178
14531,0.311045
14532,0.41424
14533,0.343499
14534,0.3457
14535,0.321082
14536,0.416686
14537,0.332665
14538,0.327766
14539,0.302485
14540,0.332594
14541,0.413301
14542,0.332587
14543,0.317611
14544,0.362426
14545,0.329014
14546,0.315284
14547,0.332203
14548,0.433376
14549,0.328005
14550,0.378979
14551,0.311094
14552,0.341777
14553,0.364035
14554,0.3289
14555,0.309963
14556,0.412363
14557,0.339728
14558,0.350605
14559,0.300567
14560,0.326622
14561,0.373324
14562,0.318243
14563,0.349906
14564,0.418626
14565,0.343262
14566,0.3224
14567,0.339803
14568,0.354215
14569,0.315925
14570,0.346174
14571,0.353503
14572,0.41874
14573,0.329435
14574,0.406321
14575,0.324857
14576,0.336668
14577,0.293295
14578,0.399161
14579,0.423169
14580,0.32293
14581,0.417479
14582,0.319508
14583,0.45322
14584,0.425662
14585,0.313574
14586,0.331995
14587,0.330926
14588,0.447025
14589,0.334301
14590,0.262684
14591,0.423427
14592,0.309844
14593,0.324713
14594,0.349611
14595,0.340447
14596,0.342838
14597,0.434088
14598,0.421748
14599,0.332599
14600,0.310897
14601,0.311412
14602,0.451704
14603,0.350595
14604,0.446328
14605,0.342271
14606,0.345135
14607,0.432771
14608,0.432771
14609,0.341707
14610,0.305968
14611,0.424863
14612,0.435246
14613,0.440322
14614,0.355111
14615,0.367521
14616,0.308157
14617,0.425146
14618,0.329198
14619,0.424639
14620,0.449431
14621,0.221243
14622,0.305099
14623,0.42749
14624,0.354616
14625,0.380638
14626,0.33972
14627,0.432512
14628,0.312273
14629,0.425313
14630,0.442534
14631,0.424175
14632,0.342958
14633,0.307272
14634,0.33525
14635,0.329645
14636,0.351783
14637,0.409776
14638,0.305507
14639,0.328845
14640,0.34339
14641,0.353056
14642,0.326876
14643,0.326382
14644,0.336716
14645,0.356253
14646,0.332682
14647,0.33771
14648,0.333626
14649,0.32666
14650,0.343737
14651,0.436279
14652,0.314382
14653,0.336632
14654,0.354092
14655,0.409109
14656,0.352411
14657,0.340299
14658,0.267525
14659,0.344395
14660,0.332899
14661,0.319968
14662,0.329849
14663,0.363186
14664,0.356861
14665,0.305431
14666,0.34489
14667,0.378253
14668,0.345115
14669,0.378242
14670,0.314567
14671,0.410266
14672,0.445831
14673,0.340361
14674,0.336738
14675,0.420668
14676,0.416923
14677,0.350238
14678,0.346314
14679,0.325648
14680,0.413013
14681,0.436151
14682,0.434091
14683,0.357078
14684,0.368284
14685,0.359252
14686,0.435356
14687,0.321731
14688,0.345444
14689,0.360307
14690,0.412192
14691,0.320328
14692,0.418494
14693,0.459196
14694,0.434628
14695,0.367428
14696,0.419491
14697,0.427708
14698,0.31445
14699,0.340666
14700,0.357326
14701,0.349586
14702,0.352754
14703,0.403449
14704,0.329289
14705,0.415948
14706,0.358504
14707,0.342976
14708,0.339968
14709,0.423958
14710,0.431666
14711,0.41879
14712,0.417886
14713,0.339836
14714,0.372383
14715,0.329143
14716,0.307979
14717,0.343052
14718,0.440149
14719,0.327018
14720,0.432279
14721,0.425864
14722,0.35062
14723,0.449762
14724,0.356656
14725,0.343341
14726,0.428338
14727,0.346745
14728,0.328523
14729,0.360455
14730,0.358326
14731,0.420205
14732,0.441648
14733,0.330337
14734,0.344711
14735,0.360948
14736,0.338083
14737,0.328052
14738,0.338675
14739,0.365045
14740,0.345196
14741,0.340973
14742,0.311831
14743,0.405794
14744,0.319634
14745,0.424271
14746,0.431713
14747,0.348996
14748,0.328308
14749,0.406249
14750,0.399791
14751,0.361907
14752,0.329321
14753,0.322144
14754,0.311513
14755,0.411158
14756,0.290145
14757,0.309624
14758,0.336458
14759,0.322722
14760,0.301366
14761,0.42332
14762,0.417098
14763,0.337389
14764,0.432787
14765,0.326657
14766,0.416525
14767,0.327132
14768,0.443548
14769,0.359267
14770,0.434241
14771,0.355692
14772,0.399054
14773,0.312252
14774,0.300042
14775,0.334722
14776,0.307332
14777,0.351282
14778,0.437068
14779,0.340415
14780,0.321019
14781,0.347869
14782,0.388423
14783,0.333483
14784,0.328086
14785,0.343655
14786,0.357059
14787,0.311216
14788,0.310906
14789,0.307933
14790,0.308337
14791,0.330899
14792,0.358351
14793,0.35966
14794,0.362079
14795,0.323879
14796,0.349466
14797,0.412513
14798,0.341882
14799,0.408376
14800,0.323905
14801,0.439805
14802,0.330799
14803,0.443516
14804,0.299404
14805,0.416688
14806,0.228467
14807,0.386873
14808,0.431287
14809,0.410127
14810,0.332905
14811,0.35283
14812,0.334347
14813,0.338869
14814,0.43597
14815,0.44051
14816,0.305111
14817,0.43799
14818,0.428451
14819,0.34533
14820,0.345042
14821,0.413129
14822,0.364334
14823,0.350996
14824,0.37904
14825,0.32787
14826,0.432268
14827,0.3222
14828,0.357538
14829,0.444097
14830,0.379877
14831,0.339364
14832,0.414758
14833,0.372844
14834,0.328654
14835,0.348401
14836,0.337364
14837,0.340895
14838,0.394627
14839,0.349129
14840,0.4134
14841,0.322713
14842,0.352704
14843,0.345022
14844,0.396934
14845,0.338891
14846,0.302713
14847,0.405258
14848,0.3318
14849,0.339405
14850,0.38004
14851,0.323219
14852,0.331485
14853,0.327299
14854,0.355607
14855,0.377148
14856,0.320517
14857,0.308036
14858,0.356049
14859,0.351158
14860,0.339065
14861,0.336975
14862,0.408017
14863,0.422114
14864,0.328819
14865,0.349117
14866,0.428971
14867,0.346864
14868,0.341697
14869,0.445249
14870,0.363587
14871,0.435178
14872,0.316297
14873,0.353373
14874,0.438689
14875,0.358495
14876,0.350642
14877,0.351983
14878,0.422353
14879,0.444376
14880,0.357099
14881,0.435968
14882,0.368915
14883,0.374769
14884,0.412784
14885,0.359791
14886,0.344136
14887,0.327813
14888,0.331284
14889,0.335693
14890,0.340625
14891,0.424909
14892,0.337516
14893,0.398141
14894,0.371582
14895,0.308348
14896,0.355451
14897,0.355224
14898,0.353895
14899,0.323507
14900,0.332706
14901,0.324466
14902,0.293333
14903,0.341181
14904,0.34298
14905,0.314496
14906,0.337375
14907,0.33633
14908,0.334299
14909,0.3979
14910,0.318597
14911,0.413473
14912,0.345082
14913,0.41702
14914,0.294272
14915,0.33767
14916,0.353968
14917,0.423243
14918,0.427615
14919,0.323533
14920,0.375457
14921,0.403974
14922,0.347676
14923,0.351635
14924,0.4386
14925,0.361494
14926,0.388396
14927,0.342428
14928,0.411433
14929,0.333952
14930,0.353315
14931,0.356034
14932,0.354895
14933,0.331759
14934,0.320652
14935,0.34382
14936,0.322694
14937,0.382363
14938,0.357055
14939,0.356571
14940,0.352102
14941,0.297207
14942,0.35238
14943,0.3166
14944,0.374853
14945,0.348305
14946,0.339615
14947,0.36957
14948,0.346745
14949,0.347713
14950,0.359398
14951,0.35387
14952,0.332766
14953,0.385475
14954,0.353037
14955,0.321701
14956,0.303832
14957,0.334037
14958,0.350906
14959,0.357145
14960,0.423144
14961,0.324915
14962,0.352868
14963,0.325385
14964,0.311261
14965,0.318397
14966,0.40759
14967,0.325124
14968,0.327117
14969,0.364787
14970,0.358901
14971,0.316078
14972,0.367584
14973,0.320362
14974,0.336079
14975,0.33708
14976,0.456845
14977,0.357538
14978,0.323315
14979,0.335581
14980,0.352799
14981,0.358174
14982,0.433423
14983,0.361809
14984,0.314375
14985,0.351323
14986,0.378593
14987,0.342629
14988,0.327201
14989,0.276345
14990,0.338918
14991,0.301061
14992,0.410328
14993,0.341438
14994,0.349763
14995,0.427104
14996,0.404209
14997,0.346983
14998,0.3551
14999,0.371998
